Workbook

Sheet FY26 Official
A1: Dell ISG — Official Reported Figures, FY2026 (Feb 2025 – Jan 2026), $ millions
A3: Source: Dell Technologies Form 10-K, fiscal year ended Jan 30, 2026 (SEC EDGAR: sec.gov/Archives/edgar/data/1571996/000157199626000008/dell-20260130.htm)
A5: Category | B5: FY2026 | C5: FY2025 | D5: FY2024 | E5: YoY % (FY26)
A6: AI-optimized servers | B6: 24683 | C6: 9286 | D6: 1873 | E6: =IFERROR(B6/C6-1,"") -> 1.6580874
A7: Traditional servers and networking | B7: 19512 | C7: 17850 | D7: 15751 | E7: =IFERROR(B7/C7-1,"") -> 0.093109244
A8: Servers and networking (subtotal) | B8: =B6+B7 -> 44195 | C8: =C6+C7 -> 27136 | D8: =D6+D7 -> 17624 | E8: =IFERROR(B8/C8-1,"") -> 0.62864829
A9: Storage | B9: 16631 | C9: 16457 | D9: 16261 | E9: =IFERROR(B9/C9-1,"") -> 0.010573008
A10: Total ISG net revenue | B10: =B8+B9 -> 60826 | C10: =C8+C9 -> 43593 | D10: =D8+D9 -> 33885 | E10: =IFERROR(B10/C10-1,"") -> 0.39531576
A11: ISG operating income | B11: 7111 | C11: 5579 | D11: 4286 | E11: =IFERROR(B11/C11-1,"") -> 0.27460118
A14: Quarterly ISG revenue, FY2026 ($M) — as reported
A15: Quarter | B15: Servers & Networking | C15: Storage | D15: Total ISG
A16: Q1 FY26 | B16: 6318 | C16: 4005 | D16: =B16+C16 -> 10323
A17: Q2 FY26 | B17: 12943 | C17: 3854 | D17: =B17+C17 -> 16797
A18: Q3 FY26 | B18: 10062 | C18: 4014 | D18: =B18+C18 -> 14076
A19: Q4 FY26 | B19: 14872 | C19: 4758 | D19: =B19+C19 -> 19630
A20: FY26 Total | B20: =SUM(B16:B19) -> 44195 | C20: =SUM(C16:C19) -> 16631 | D20: =SUM(D16:D19) -> 60826
A22: Note: Q1–Q3 quarterly splits are as reported in Dell earnings releases; Q4 derived as FY total minus Q1–Q3 (matches reported ~$19.6B ISG Q4: $14.9B S&N incl. $9.0B AI servers + $5.9B traditional, $4.8B storage). Minor rounding vs. press figures.

Sheet Product Estimates
A1: Dell ISG — Product-Level Revenue Estimates, FY2026 ($ millions)
A2: MODELED ESTIMATES. Dell does not disclose per-product revenue. Segment totals (green links) are official 10-K figures; mix % (blue, yellow fill) are rough assumptions from analyst commentary and market positioning — edit them as needed. Product revenue recalculates automatically.
A4: Product | B4: Segment | C4: Category | D4: Est. mix % of segment | E4: Est. FY26 revenue ($M) | F4: Basis of estimate | H4: Segment totals (from FY26 Official)
A5: PowerEdge XE-series & IR rack-scale (AI-optimized servers) | B5: Servers & Networking | C5: AI servers | D5: 1 | E5: =D5*$I$5 -> 24683 | F5: Officially reported: AI-optimized servers = $24,683M (10-K) | H5: AI-optimized servers | I5: ='FY26 Official'!B6 -> 24683
A6: PowerEdge (traditional rack/tower/modular servers) | B6: Servers & Networking | C6: Traditional servers | D6: 0.88 | E6: =D6*$I$6 -> 17170.56 | F6: Assumption: servers ~88% of traditional S&N line; networking is a small share of the combined line | H6: Traditional servers & networking | I6: ='FY26 Official'!B7 -> 19512
A7: PowerSwitch, cables & optics (networking) | B7: Servers & Networking | C7: Networking | D7: 0.12 | E7: =D7*$I$6 -> 2341.44 | F7: Assumption: networking ~12% of traditional S&N line | H7: Storage | I7: ='FY26 Official'!B9 -> 16631
A8: PowerStore (midrange primary storage) | B8: Storage | C8: Primary storage | D8: 0.22 | E8: =D8*$I$7 -> 3658.82 | F8: Assumption: flagship midrange line; repeatedly called out by Dell as a growth driver; midrange is the largest external-storage segment
A9: PowerMax (high-end primary storage) | B9: Storage | C9: Primary storage | D9: 0.13 | E9: =D9*$I$7 -> 2162.03 | F9: Assumption: IDC #1 in high-end; smaller unit volume, high ASP
A10: PowerScale / Isilon (file & unstructured) | B10: Storage | C10: Unstructured | D10: 0.13 | E10: =D10*$I$7 -> 2162.03 | F10: Assumption: IDC #1 unstructured; boosted by AI data-lake demand
A11: PowerProtect / Data Domain (data protection appliances & software) | B11: Storage | C11: Data protection | D11: 0.15 | E11: =D11*$I$7 -> 2494.65 | F11: Assumption: IDC #1 purpose-built backup appliances; large installed base
A12: VxRail (hyperconverged infrastructure) | B12: Storage | C12: HCI | D12: 0.12 | E12: =D12*$I$7 -> 1995.72 | F12: Assumption: leading HCI platform; VMware-dependent, roughly flat
A13: PowerFlex (software-defined block) | B13: Storage | C13: Software-defined | D13: 0.08 | E13: =D13*$I$7 -> 1330.48 | F13: Assumption: strong growth off a smaller base; favored in large scale-out deals
A14: PowerVault (entry storage) | B14: Storage | C14: Entry | D14: 0.04 | E14: =D14*$I$7 -> 665.24 | F14: Assumption: entry-level ME5 line; low ASP, channel-led
A15: ObjectScale/ECS, Unity XT legacy, storage software & other | B15: Storage | C15: Other storage | D15: 0.13 | E15: =D15*$I$7 -> 2162.03 | F15: Residual: balance of storage segment (object, legacy midrange, software)
A16: Total ISG (check) | E16: =SUM(E5:E15) -> 60826
A17: Reported ISG total | E17: ='FY26 Official'!B10 -> 60826
A18: Difference | E18: =E16-E17 -> 0
A20: Mix checks (must equal 100% per segment):
A21: Traditional S&N mix total | D21: =D6+D7 -> 1
A22: Storage mix total | D22: =SUM(D8:D15) -> 1
A24: Legend: blue + yellow = editable assumption · green = link to FY26 Official sheet · black = formula. Edit only yellow cells.

Sheet Product x Quarter
A1: Dell ISG — Estimated Product Revenue by Quarter, FY2026 ($ millions)
A2: MODELED. Segment-by-quarter figures (block at right, cols J:O) are official/derived; product split applies the mix % assumptions from the Product Estimates tab uniformly across quarters. Edit mix % there and this tab recalculates.
J4: Segment revenue by quarter ($M)
A5: Product | B5: Segment | C5: Mix % | D5: Q1 | E5: Q2 | F5: Q3 | G5: Q4 | H5: FY26 Total | K5: Q1 | L5: Q2 | M5: Q3 | N5: Q4 | O5: FY26
A6: PowerEdge XE-series & IR rack-scale (AI-optimized servers) | B6: AI servers | C6: ='Product Estimates'!D5 -> 1 | D6: =$C6*$K$7 -> 1882 | E6: =$C6*$L$7 -> 8200 | F6: =$C6*$M$7 -> 5601 | G6: =$C6*$N$7 -> 9000 | H6: =SUM(D6:G6) -> 24683 | J6: Servers & Networking (reported) | K6: ='FY26 Official'!B16 -> 6318 | L6: ='FY26 Official'!B17 -> 12943 | M6: ='FY26 Official'!B18 -> 10062 | N6: ='FY26 Official'!B19 -> 14872 | O6: ='FY26 Official'!B8 -> 44195
A7: PowerEdge (traditional rack/tower/modular servers) | B7: Servers & Networking | C7: ='Product Estimates'!D6 -> 0.88 | D7: =$C7*$K$8 -> 3903.68 | E7: =$C7*$L$8 -> 4173.84 | F7: =$C7*$M$8 -> 3925.68 | G7: =$C7*$N$8 -> 5167.36 | H7: =SUM(D7:G7) -> 17170.56 | J7: AI-optimized servers | K7: 1882 | L7: 8200 | M7: =O7-K7-L7-N7 -> 5601 | N7: 9000 | O7: ='FY26 Official'!B6 -> 24683
A8: PowerSwitch, cables & optics (networking) | B8: Servers & Networking | C8: ='Product Estimates'!D7 -> 0.12 | D8: =$C8*$K$8 -> 532.32 | E8: =$C8*$L$8 -> 569.16 | F8: =$C8*$M$8 -> 535.32 | G8: =$C8*$N$8 -> 704.64 | H8: =SUM(D8:G8) -> 2341.44 | J8: Traditional servers & networking | K8: =K6-K7 -> 4436 | L8: =L6-L7 -> 4743 | M8: =M6-M7 -> 4461 | N8: =N6-N7 -> 5872 | O8: ='FY26 Official'!B7 -> 19512
A9: PowerStore (midrange primary storage) | B9: Storage | C9: ='Product Estimates'!D8 -> 0.22 | D9: =$C9*$K$9 -> 881.1 | E9: =$C9*$L$9 -> 847.88 | F9: =$C9*$M$9 -> 883.08 | G9: =$C9*$N$9 -> 1046.76 | H9: =SUM(D9:G9) -> 3658.82 | J9: Storage (reported) | K9: ='FY26 Official'!C16 -> 4005 | L9: ='FY26 Official'!C17 -> 3854 | M9: ='FY26 Official'!C18 -> 4014 | N9: ='FY26 Official'!C19 -> 4758 | O9: ='FY26 Official'!B9 -> 16631
A10: PowerMax (high-end primary storage) | B10: Storage | C10: ='Product Estimates'!D9 -> 0.13 | D10: =$C10*$K$9 -> 520.65 | E10: =$C10*$L$9 -> 501.02 | F10: =$C10*$M$9 -> 521.82 | G10: =$C10*$N$9 -> 618.54 | H10: =SUM(D10:G10) -> 2162.03
A11: PowerScale / Isilon (file & unstructured) | B11: Storage | C11: ='Product Estimates'!D10 -> 0.13 | D11: =$C11*$K$9 -> 520.65 | E11: =$C11*$L$9 -> 501.02 | F11: =$C11*$M$9 -> 521.82 | G11: =$C11*$N$9 -> 618.54 | H11: =SUM(D11:G11) -> 2162.03 | J11: Notes: Q2 AI = $8.2B shipped (earnings); Q4 AI = $9.0B (reported); Q1 AI ≈ $1.88B (derived: Q1 FY27 AI rev $16.13B was +757% YoY);
A12: PowerProtect / Data Domain (data protection appliances & software) | B12: Storage | C12: ='Product Estimates'!D11 -> 0.15 | D12: =$C12*$K$9 -> 600.75 | E12: =$C12*$L$9 -> 578.1 | F12: =$C12*$M$9 -> 602.1 | G12: =$C12*$N$9 -> 713.7 | H12: =SUM(D12:G12) -> 2494.65 | J12: Q3 AI = residual so quarters tie to FY26 reported total $24,683M (≈$5.6B). All other cells reported or formula.
A13: VxRail (hyperconverged infrastructure) | B13: Storage | C13: ='Product Estimates'!D12 -> 0.12 | D13: =$C13*$K$9 -> 480.6 | E13: =$C13*$L$9 -> 462.48 | F13: =$C13*$M$9 -> 481.68 | G13: =$C13*$N$9 -> 570.96 | H13: =SUM(D13:G13) -> 1995.72
A14: PowerFlex (software-defined block) | B14: Storage | C14: ='Product Estimates'!D13 -> 0.08 | D14: =$C14*$K$9 -> 320.4 | E14: =$C14*$L$9 -> 308.32 | F14: =$C14*$M$9 -> 321.12 | G14: =$C14*$N$9 -> 380.64 | H14: =SUM(D14:G14) -> 1330.48
A15: PowerVault (entry storage) | B15: Storage | C15: ='Product Estimates'!D14 -> 0.04 | D15: =$C15*$K$9 -> 160.2 | E15: =$C15*$L$9 -> 154.16 | F15: =$C15*$M$9 -> 160.56 | G15: =$C15*$N$9 -> 190.32 | H15: =SUM(D15:G15) -> 665.24
A16: ObjectScale/ECS, Unity XT legacy, storage software & other | B16: Storage | C16: ='Product Estimates'!D15 -> 0.13 | D16: =$C16*$K$9 -> 520.65 | E16: =$C16*$L$9 -> 501.02 | F16: =$C16*$M$9 -> 521.82 | G16: =$C16*$N$9 -> 618.54 | H16: =SUM(D16:G16) -> 2162.03
A17: Total ISG | D17: =SUM(D6:D16) -> 10323 | E17: =SUM(E6:E16) -> 16797 | F17: =SUM(F6:F16) -> 14076 | G17: =SUM(G6:G16) -> 19630 | H17: =SUM(H6:H16) -> 60826
A18: Reported ISG quarterly total (check) | D18: =K6+K9 -> 10323 | E18: =L6+L9 -> 16797 | F18: =M6+M9 -> 14076 | G18: =N6+N9 -> 19630 | H18: ='FY26 Official'!B10 -> 60826
A20: Legend: green = link to other tab / reported figure · blue = hardcoded input (see notes, cols J11:J12) · black = formula. Edit mix % on the Product Estimates tab only.

Sheet Warranty Assumptions
A1: Warranty / Service Model — Assumptions
A2: Dataset: 3 FYs × 52 weeks × 19 products (top sellers across ISG + legacy ESG/EMC lines) = 2,964 rows. Provided new-contract counts = FY26 annual volume; FY24/FY25 scaled by category growth. ASU (single column) = units under active warranty EOW + new attaches + renewals. Expirations = installed base entering FY ÷ 156 wks; renewals = expirations × renewal rate. New attaches = 98% of new contracts. Warranty tiers: Basic / ProSupport / ProSupport Plus / ProSupport Flex. Random per-row (seed 42): Region & Warranty Type per category weights below · Core/Upsell 50/50 · W/O Type: Break fix 30 / Part-s dispatch 70 · FQM Flag: 0=30 / 1=70 · GCFA: 15/75/10 (GCFA/non-GCFA/Unknown) · Service Type: Parts Only 30 / Labour Only 30 / Parts+Labour 40, Labour Only only against Break fix rows.
A4: Category | B4: Growth FY24 | C4: Growth FY25 | D4: Growth FY26 | E4: Renewal rate | F4: Start base (x FY24 new) | G4: Amer % | H4: EMEA % | I4: APJ % | J4: Basic % | K4: ProSupport % | L4: PS Plus % | M4: PS Flex %
A5: AI | B5: 0.08 | C5: 0.38 | D5: 1 | E5: 0.75 | F5: 0.5 | G5: 0.7 | H5: 0.18 | I5: 0.12 | J5: 0.05 | K5: 0.35 | L5: 0.4 | M5: 0.2
A6: SERVER | B6: 0.85 | C6: 0.92 | D6: 1 | E6: 0.7 | F6: 2.5 | G6: 0.52 | H6: 0.28 | I6: 0.2 | J6: 0.2 | K6: 0.45 | L6: 0.28 | M6: 0.07
A7: NETWORK | B7: 0.9 | C7: 0.95 | D7: 1 | E7: 0.65 | F7: 2.5 | G7: 0.52 | H7: 0.28 | I7: 0.2 | J7: 0.2 | K7: 0.45 | L7: 0.28 | M7: 0.07
A8: HCI | B8: 0.95 | C8: 1 | D8: 1 | E8: 0.8 | F8: 2.5 | G8: 0.52 | H8: 0.28 | I8: 0.2 | J8: 0.05 | K8: 0.33 | L8: 0.45 | M8: 0.17
A9: STORAGE | B9: 0.9 | C9: 0.95 | D9: 1 | E9: 0.85 | F9: 2.5 | G9: 0.5 | H9: 0.3 | I9: 0.2 | J9: 0.05 | K9: 0.33 | L9: 0.45 | M9: 0.17
A10: DP | B10: 0.95 | C10: 1 | D10: 1 | E10: 0.85 | F10: 2.5 | G10: 0.52 | H10: 0.28 | I10: 0.2 | J10: 0.05 | K10: 0.33 | L10: 0.45 | M10: 0.17
A11: LEGACY | B11: 1.5 | C11: 1.2 | D11: 1 | E11: 0.5 | F11: 4 | G11: 0.5 | H11: 0.3 | I11: 0.2 | J11: 0.3 | K11: 0.45 | L11: 0.2 | M11: 0.05
A14: Products kept (19) & provided new-contract counts (FY26 base)
A15: Product | B15: Category | C15: New contracts (provided)
A16: Poweredge | B16: SERVER | C16: 13565373
A17: Powerswitch | B17: NETWORK | C17: 887127
A18: Powerscale | B18: STORAGE | C18: 446112
A19: Vxrail | B19: HCI | C19: 326756
A20: Cloud Servers | B20: SERVER | C20: 297922
A21: Powervault | B21: STORAGE | C21: 242840
A22: Unity | B22: STORAGE | C22: 186931
A23: Datadomain | B23: DP | C23: 183019
A24: Poweredge Ai | B24: AI | C24: 164150
A25: Powerflex | B25: STORAGE | C25: 131156
A26: Legacy Networking | B26: LEGACY | C26: 107408
A27: Compellent | B27: LEGACY | C27: 71903
... A34: Vnx | B34: LEGACY | C34: 1537
A35: Total | C35: =SUM(C16:C34) -> 16759783

Sheet ASU by Product
A1: FY | B1: Fiscal Quarter | C1: Fiscal Week | D1: Avamar | E1: Cloud Servers | F1: Compellent | G1: Datadomain | H1: Equallogic | I1: Legacy Networking | J1: Poweredge | K1: Poweredge Ai | L1: Powerflex | M1: Powermax | N1: Powerscale | O1: Powerstore | P1: Powerswitch | Q1: Powervault | R1: Unity | S1: Vmax | T1: Vnx | U1: Vxrail | V1: Xtremio | W1: Total
A2: FY24 | B2: 2024-Q1 | C2: 2024-W01 | D2: 4802 | E2: 63924 | F2: 43335 | G2: 43973 | H2: 3397 | I2: 64733 | J2: 2910660 | K2: 682 | L2: 29854 | M2: 12932 | N2: 101544 | O2: 13158 | P2: 201416 | Q2: 55275 | R2: 42549 | S2: 2627 | T2: 926 | U2: 78458 | V2: 1774 | W2: 3676019
A3: FY24 | B3: 2024-Q1 | C3: 2024-W02 | D3: 4815 | E3: 64028 | F3: 43293 | G3: 44087 | H3: 3394 | I3: 64671 | J3: 2915430 | K3: 693 | L3: 29931 | M3: 12965 | N3: 101806 | O3: 13192 | P3: 201682 | Q3: 55418 | R3: 42659 | S3: 2625 | T3: 925 | U3: 78636 | V3: 1772 | W3: 3682022
A4: FY24 | B4: 2024-Q1 | C4: 2024-W03 | D4: 4827 | E4: 64133 | F4: 43251 | G4: 44200 | H4: 3391 | I4: 64608 | J4: 2920200 | K4: 704 | L4: 30008 | M4: 12999 | N4: 102069 | O4: 13226 | P4: 201948 | Q4: 55561 | R4: 42769 | S4: 2622 | T4: 924 | U4: 78815 | V4: 1770 | W4: 3688025
A5: FY24 | B5: 2024-Q1 | C5: 2024-W04 | D5: 4839 | E5: 64238 | F5: 43209 | G5: 44314 | H5: 3388 | I5: 64546 | J5: 2924970 | K5: 714 | L5: 30085 | M5: 13032 | N5: 102332 | O5: 13261 | P5: 202215 | Q5: 55704 | R5: 42879 | S5: 2620 | T5: 924 | U5: 78993 | V5: 1769 | W5: 3694032
A6: FY24 | B6: 2024-Q1 | C6: 2024-W05 | D6: 4879 | E6: 64705 | F6: 43322 | G6: 44677 | H6: 3396 | I6: 64714 | J6: 2946241 | K6: 744 | L6: 30331 | M6: 13139 | N6: 103169 | O6: 13369 | P6: 203624 | Q6: 56160 | R6: 43230 | S6: 2626 | T6: 926 | U6: 79615 | V6: 1773 | W6: 3720640
A7: FY24 | B7: 2024-Q1 | C7: 2024-W06 | D7: 4905 | E7: 64991 | F7: 43357 | G7: 44915 | H7: 3399 | I7: 64767 | J7: 2959262 | K7: 764 | L7: 30493 | M7: 13209 | N7: 103719 | O7: 13440 | P7: 204461 | Q7: 56459 | R7: 43460 | S7: 2628 | T7: 927 | U7: 80016 | V7: 1775 | W7: 3736947
A8: FY24 | B8: 2024-Q1 | C8: 2024-W07 | D8: 4931 | E8: 65277 | F8: 43393 | G8: 45153 | H8: 3402 | I8: 64820 | J8: 2972283 | K8: 784 | L8: 30655 | M8: 13279 | N8: 104269 | O8: 13512 | P8: 205299 | Q8: 56758 | R8: 43691 | S8: 2631 | T8: 928 | U8: 80416 | V8: 1776 | W8: 3753257
A9: FY24 | B9: 2024-Q1 | C9: 2024-W08 | D9: 4957 | E9: 65563 | F9: 43428 | G9: 45391 | H9: 3405 | I9: 64872 | J9: 2985303 | K9: 804 | L9: 30816 | M9: 13349 | N9: 104819 | O9: 13583 | P9: 206136 | Q9: 57058 | R9: 43921 | S9: 2633 | T9: 928 | U9: 80816 | V9: 1778 | W9: 3769560
A10: FY24 | B10: 2024-Q1 | C10: 2024-W09 | D10: 4983 | E10: 65849 | F10: 43463 | G10: 45629 | H10: 3407 | I10: 64925 | J10: 2998324 | K10: 824 | L10: 30978 | M10: 13419 | N10: 105368 | O10: 13654 | P10: 206974 | Q10: 57357 | R10: 44152 | S10: 2635 | T10: 929 | U10: 81216 | V10: 1779 | W10: 3785865
A11: FY24 | B11: 2024-Q1 | C11: 2024-W10 | D11: 5036 | E11: 66497 | F11: 43653 | G11: 46116 | H11: 3422 | I11: 65208 | J11: 3027846 | K11: 863 | L11: 31309 | M11: 13562 | N11: 106493 | O11: 13800 | P11: 208954 | Q11: 57969 | R11: 44623 | S11: 2646 | T11: 933 | U11: 82061 | V11: 1787 | W11: 3822778
A12: FY24 | B12: 2024-Q1 | C12: 2024-W11 | D12: 5076 | E12: 66965 | F12: 43766 | G12: 46479 | H12: 3431 | I12: 65377 | J12: 3049118 | K12: 892 | L12: 31555 | M12: 13669 | N12: 107330 | O12: 13908 | P12: 210363 | Q12: 58425 | R12: 44974 | S12: 2653 | T12: 936 | U12: 82683 | V12: 1791 | W12: 3849391
A13: FY24 | B13: 2024-Q1 | C13: 2024-W12 | D13: 5115 | E13: 67432 | F13: 43878 | G13: 46841 | H13: 3440 | I13: 65545 | J13: 3070389 | K13: 922 | L13: 31801 | M13: 13776 | N13: 108167 | O13: 14017 | P13: 211772 | Q13: 58881 | R13: 45325 | S13: 2660 | T13: 938 | U13: 83306 | V13: 1796 | W13: 3876001
... A157: FY26 | B157: 2026-Q4 | C157: 2026-W52 | D157: 9712 | E157: 121554 | F157: 46908 | G157: 88928 | H157: 3677 | I157: 70070 | J157: 5534741 | K157: 24130 | L157: 61117 | M157: 26475 | N157: 207882 | O157: 26938 | P157: 364206 | Q157: 113160 | R157: 87108 | S157: 2844 | T157: 1003 | U157: 153783 | V157: 1920 | W157: 6946156
